av_key,sample_id,stem,wav_path,actor_id,split,emotion_code,label_id,label_name,intensity_code,statement_code,repetition_code,pred_id,pred_name,prob_neutral,prob_calm,prob_happy,prob_sad,prob_angry,prob_fearful,prob_disgust,prob_surprise,embedding_path,embedding_dim
1_1,audio_1_01,audio_1_01,C:/Users/User/OneDrive/桌面/Project_SystemA/ravdess_avfusion/data/raw/custom/audio/audio_1_01.wav,1,train,01,0,neutral,01,01,01,6,disgust,0.101182,0.145547,0.128653,0.127816,0.160219,0.096529,0.161987,0.078067,C:/Users/User/OneDrive/桌面/Project_SystemA/ravdess_avfusion/data/processed/audio/embeddings_ecapa_custom/train/audio_1_01.npy,96
1_2,audio_1_02,audio_1_02,C:/Users/User/OneDrive/桌面/Project_SystemA/ravdess_avfusion/data/raw/custom/audio/audio_1_02.wav,1,train,07,6,disgust,01,01,01,6,disgust,0.092421,0.111223,0.123429,0.123637,0.181385,0.101632,0.182256,0.084018,C:/Users/User/OneDrive/桌面/Project_SystemA/ravdess_avfusion/data/processed/audio/embeddings_ecapa_custom/train/audio_1_02.npy,96
1_3,audio_1_03,audio_1_03,C:/Users/User/OneDrive/桌面/Project_SystemA/ravdess_avfusion/data/raw/custom/audio/audio_1_03.wav,1,train,01,0,neutral,01,01,01,6,disgust,0.093167,0.107237,0.117737,0.130959,0.174857,0.109064,0.185321,0.081657,C:/Users/User/OneDrive/桌面/Project_SystemA/ravdess_avfusion/data/processed/audio/embeddings_ecapa_custom/train/audio_1_03.npy,96
1_4,audio_1_04,audio_1_04,C:/Users/User/OneDrive/桌面/Project_SystemA/ravdess_avfusion/data/raw/custom/audio/audio_1_04.wav,1,train,05,4,angry,01,01,01,4,angry,0.095564,0.11254,0.122552,0.121906,0.186834,0.099363,0.175924,0.085317,C:/Users/User/OneDrive/桌面/Project_SystemA/ravdess_avfusion/data/processed/audio/embeddings_ecapa_custom/train/audio_1_04.npy,96
1_5,audio_1_05,audio_1_05,C:/Users/User/OneDrive/桌面/Project_SystemA/ravdess_avfusion/data/raw/custom/audio/audio_1_05.wav,1,train,01,0,neutral,01,01,01,4,angry,0.094552,0.154759,0.132251,0.121244,0.173514,0.115147,0.137481,0.071053,C:/Users/User/OneDrive/桌面/Project_SystemA/ravdess_avfusion/data/processed/audio/embeddings_ecapa_custom/train/audio_1_05.npy,96
1_6,audio_1_06,audio_1_06,C:/Users/User/OneDrive/桌面/Project_SystemA/ravdess_avfusion/data/raw/custom/audio/audio_1_06.wav,1,train,02,1,calm,01,01,01,4,angry,0.091731,0.13752,0.134066,0.117868,0.183143,0.106397,0.153288,0.075988,C:/Users/User/OneDrive/桌面/Project_SystemA/ravdess_avfusion/data/processed/audio/embeddings_ecapa_custom/train/audio_1_06.npy,96
1_7,audio_1_07,audio_1_07,C:/Users/User/OneDrive/桌面/Project_SystemA/ravdess_avfusion/data/raw/custom/audio/audio_1_07.wav,1,train,04,3,sad,01,01,01,4,angry,0.101084,0.137255,0.119375,0.121525,0.170505,0.121167,0.157219,0.07187,C:/Users/User/OneDrive/桌面/Project_SystemA/ravdess_avfusion/data/processed/audio/embeddings_ecapa_custom/train/audio_1_07.npy,96
1_8,audio_1_08,audio_1_08,C:/Users/User/OneDrive/桌面/Project_SystemA/ravdess_avfusion/data/raw/custom/audio/audio_1_08.wav,1,train,06,5,fearful,01,01,01,6,disgust,0.094747,0.12288,0.121155,0.115316,0.17621,0.108271,0.179664,0.081757,C:/Users/User/OneDrive/桌面/Project_SystemA/ravdess_avfusion/data/processed/audio/embeddings_ecapa_custom/train/audio_1_08.npy,96
1_9,audio_1_09,audio_1_09,C:/Users/User/OneDrive/桌面/Project_SystemA/ravdess_avfusion/data/raw/custom/audio/audio_1_09.wav,1,train,05,4,angry,01,01,01,4,angry,0.096803,0.151964,0.135558,0.116229,0.17688,0.100987,0.143661,0.077918,C:/Users/User/OneDrive/桌面/Project_SystemA/ravdess_avfusion/data/processed/audio/embeddings_ecapa_custom/train/audio_1_09.npy,96
1_10,audio_1_10,audio_1_10,C:/Users/User/OneDrive/桌面/Project_SystemA/ravdess_avfusion/data/raw/custom/audio/audio_1_10.wav,1,train,02,1,calm,01,01,01,4,angry,0.09275,0.144684,0.135023,0.118738,0.178,0.096233,0.153774,0.080799,C:/Users/User/OneDrive/桌面/Project_SystemA/ravdess_avfusion/data/processed/audio/embeddings_ecapa_custom/train/audio_1_10.npy,96
1_11,audio_1_11,audio_1_11,C:/Users/User/OneDrive/桌面/Project_SystemA/ravdess_avfusion/data/raw/custom/audio/audio_1_11.wav,1,train,05,4,angry,01,01,01,4,angry,0.100676,0.146872,0.131416,0.112558,0.186303,0.097552,0.146898,0.077724,C:/Users/User/OneDrive/桌面/Project_SystemA/ravdess_avfusion/data/processed/audio/embeddings_ecapa_custom/train/audio_1_11.npy,96
1_12,audio_1_12,audio_1_12,C:/Users/User/OneDrive/桌面/Project_SystemA/ravdess_avfusion/data/raw/custom/audio/audio_1_12.wav,1,train,06,5,fearful,01,01,01,4,angry,0.092087,0.156387,0.143667,0.113794,0.17536,0.105818,0.135828,0.077059,C:/Users/User/OneDrive/桌面/Project_SystemA/ravdess_avfusion/data/processed/audio/embeddings_ecapa_custom/train/audio_1_12.npy,96
1_13,audio_1_13,audio_1_13,C:/Users/User/OneDrive/桌面/Project_SystemA/ravdess_avfusion/data/raw/custom/audio/audio_1_13.wav,1,train,08,7,surprise,01,01,01,4,angry,0.089919,0.160984,0.149706,0.112799,0.161774,0.097803,0.146668,0.080346,C:/Users/User/OneDrive/桌面/Project_SystemA/ravdess_avfusion/data/processed/audio/embeddings_ecapa_custom/train/audio_1_13.npy,96
1_14,audio_1_14,audio_1_14,C:/Users/User/OneDrive/桌面/Project_SystemA/ravdess_avfusion/data/raw/custom/audio/audio_1_14.wav,1,train,02,1,calm,01,01,01,4,angry,0.09618,0.163325,0.136281,0.11193,0.169677,0.101154,0.145039,0.076413,C:/Users/User/OneDrive/桌面/Project_SystemA/ravdess_avfusion/data/processed/audio/embeddings_ecapa_custom/train/audio_1_14.npy,96
1_15,audio_1_15,audio_1_15,C:/Users/User/OneDrive/桌面/Project_SystemA/ravdess_avfusion/data/raw/custom/audio/audio_1_15.wav,1,train,02,1,calm,01,01,01,1,calm,0.097552,0.179318,0.143728,0.10654,0.165356,0.102252,0.132046,0.073209,C:/Users/User/OneDrive/桌面/Project_SystemA/ravdess_avfusion/data/processed/audio/embeddings_ecapa_custom/train/audio_1_15.npy,96
1_16,audio_1_16,audio_1_16,C:/Users/User/OneDrive/桌面/Project_SystemA/ravdess_avfusion/data/raw/custom/audio/audio_1_16.wav,1,train,05,4,angry,01,01,01,1,calm,0.094248,0.16756,0.143819,0.110024,0.158489,0.111329,0.140877,0.073654,C:/Users/User/OneDrive/桌面/Project_SystemA/ravdess_avfusion/data/processed/audio/embeddings_ecapa_custom/train/audio_1_16.npy,96
1_17,audio_1_17,audio_1_17,C:/Users/User/OneDrive/桌面/Project_SystemA/ravdess_avfusion/data/raw/custom/audio/audio_1_17.wav,1,train,05,4,angry,01,01,01,4,angry,0.091914,0.160095,0.140363,0.115083,0.162467,0.098463,0.151728,0.079887,C:/Users/User/OneDrive/桌面/Project_SystemA/ravdess_avfusion/data/processed/audio/embeddings_ecapa_custom/train/audio_1_17.npy,96
1_18,audio_1_18,audio_1_18,C:/Users/User/OneDrive/桌面/Project_SystemA/ravdess_avfusion/data/raw/custom/audio/audio_1_18.wav,1,train,06,5,fearful,01,01,01,4,angry,0.097507,0.165417,0.131083,0.121224,0.168195,0.111294,0.132276,0.073004,C:/Users/User/OneDrive/桌面/Project_SystemA/ravdess_avfusion/data/processed/audio/embeddings_ecapa_custom/train/audio_1_18.npy,96
1_19,audio_1_19,audio_1_19,C:/Users/User/OneDrive/桌面/Project_SystemA/ravdess_avfusion/data/raw/custom/audio/audio_1_19.wav,1,train,07,6,disgust,01,01,01,4,angry,0.096568,0.139784,0.132372,0.114154,0.173597,0.091332,0.168307,0.083886,C:/Users/User/OneDrive/桌面/Project_SystemA/ravdess_avfusion/data/processed/audio/embeddings_ecapa_custom/train/audio_1_19.npy,96
1_20,audio_1_20,audio_1_20,C:/Users/User/OneDrive/桌面/Project_SystemA/ravdess_avfusion/data/raw/custom/audio/audio_1_20.wav,1,train,08,7,surprise,01,01,01,4,angry,0.095822,0.157529,0.135423,0.109861,0.17837,0.092948,0.151257,0.07879,C:/Users/User/OneDrive/桌面/Project_SystemA/ravdess_avfusion/data/processed/audio/embeddings_ecapa_custom/train/audio_1_20.npy,96
1_21,audio_1_21,audio_1_21,C:/Users/User/OneDrive/桌面/Project_SystemA/ravdess_avfusion/data/raw/custom/audio/audio_1_21.wav,1,train,01,0,neutral,01,01,01,1,calm,0.092819,0.16998,0.140544,0.10196,0.161003,0.106368,0.146526,0.0808,C:/Users/User/OneDrive/桌面/Project_SystemA/ravdess_avfusion/data/processed/audio/embeddings_ecapa_custom/train/audio_1_21.npy,96
1_22,audio_1_22,audio_1_22,C:/Users/User/OneDrive/桌面/Project_SystemA/ravdess_avfusion/data/raw/custom/audio/audio_1_22.wav,1,train,01,0,neutral,01,01,01,1,calm,0.091347,0.161816,0.138127,0.116152,0.159894,0.100373,0.152782,0.079509,C:/Users/User/OneDrive/桌面/Project_SystemA/ravdess_avfusion/data/processed/audio/embeddings_ecapa_custom/train/audio_1_22.npy,96
1_23,audio_1_23,audio_1_23,C:/Users/User/OneDrive/桌面/Project_SystemA/ravdess_avfusion/data/raw/custom/audio/audio_1_23.wav,1,train,02,1,calm,01,01,01,6,disgust,0.094847,0.120897,0.127674,0.12983,0.162169,0.107782,0.180663,0.076139,C:/Users/User/OneDrive/桌面/Project_SystemA/ravdess_avfusion/data/processed/audio/embeddings_ecapa_custom/train/audio_1_23.npy,96
1_24,audio_1_24,audio_1_24,C:/Users/User/OneDrive/桌面/Project_SystemA/ravdess_avfusion/data/raw/custom/audio/audio_1_24.wav,1,train,07,6,disgust,01,01,01,4,angry,0.096272,0.12321,0.130324,0.136947,0.162403,0.122619,0.158431,0.069794,C:/Users/User/OneDrive/桌面/Project_SystemA/ravdess_avfusion/data/processed/audio/embeddings_ecapa_custom/train/audio_1_24.npy,96
1_25,audio_1_25,audio_1_25,C:/Users/User/OneDrive/桌面/Project_SystemA/ravdess_avfusion/data/raw/custom/audio/audio_1_25.wav,1,train,03,2,happy,01,01,01,1,calm,0.104458,0.149058,0.126696,0.136047,0.140824,0.140606,0.136924,0.065385,C:/Users/User/OneDrive/桌面/Project_SystemA/ravdess_avfusion/data/processed/audio/embeddings_ecapa_custom/train/audio_1_25.npy,96
1_26,audio_1_26,audio_1_26,C:/Users/User/OneDrive/桌面/Project_SystemA/ravdess_avfusion/data/raw/custom/audio/audio_1_26.wav,1,train,04,3,sad,01,01,01,6,disgust,0.101767,0.133084,0.137469,0.136002,0.158469,0.10212,0.159495,0.071593,C:/Users/User/OneDrive/桌面/Project_SystemA/ravdess_avfusion/data/processed/audio/embeddings_ecapa_custom/train/audio_1_26.npy,96
1_27,audio_1_27,audio_1_27,C:/Users/User/OneDrive/桌面/Project_SystemA/ravdess_avfusion/data/raw/custom/audio/audio_1_27.wav,1,train,05,4,angry,01,01,01,4,angry,0.103096,0.138433,0.127317,0.134593,0.152328,0.129578,0.148326,0.066329,C:/Users/User/OneDrive/桌面/Project_SystemA/ravdess_avfusion/data/processed/audio/embeddings_ecapa_custom/train/audio_1_27.npy,96
1_28,audio_1_28,audio_1_28,C:/Users/User/OneDrive/桌面/Project_SystemA/ravdess_avfusion/data/raw/custom/audio/audio_1_28.wav,1,train,05,4,angry,01,01,01,1,calm,0.103671,0.157309,0.133248,0.13502,0.146611,0.114159,0.143402,0.066581,C:/Users/User/OneDrive/桌面/Project_SystemA/ravdess_avfusion/data/processed/audio/embeddings_ecapa_custom/train/audio_1_28.npy,96
1_29,audio_1_29,audio_1_29,C:/Users/User/OneDrive/桌面/Project_SystemA/ravdess_avfusion/data/raw/custom/audio/audio_1_29.wav,1,train,06,5,fearful,01,01,01,4,angry,0.09275,0.120712,0.114943,0.132059,0.195533,0.097029,0.164523,0.08245,C:/Users/User/OneDrive/桌面/Project_SystemA/ravdess_avfusion/data/processed/audio/embeddings_ecapa_custom/train/audio_1_29.npy,96
1_30,audio_1_30,audio_1_30,C:/Users/User/OneDrive/桌面/Project_SystemA/ravdess_avfusion/data/raw/custom/audio/audio_1_30.wav,1,train,06,5,fearful,01,01,01,4,angry,0.092894,0.134359,0.120986,0.13159,0.181704,0.105047,0.158276,0.075144,C:/Users/User/OneDrive/桌面/Project_SystemA/ravdess_avfusion/data/processed/audio/embeddings_ecapa_custom/train/audio_1_30.npy,96
1_31,audio_1_31,audio_1_31,C:/Users/User/OneDrive/桌面/Project_SystemA/ravdess_avfusion/data/raw/custom/audio/audio_1_31.wav,1,train,07,6,disgust,01,01,01,4,angry,0.090059,0.113741,0.118084,0.11736,0.194349,0.101959,0.179685,0.084762,C:/Users/User/OneDrive/桌面/Project_SystemA/ravdess_avfusion/data/processed/audio/embeddings_ecapa_custom/train/audio_1_31.npy,96
1_32,audio_1_32,audio_1_32,C:/Users/User/OneDrive/桌面/Project_SystemA/ravdess_avfusion/data/raw/custom/audio/audio_1_32.wav,1,train,08,7,surprise,01,01,01,4,angry,0.094002,0.122146,0.118154,0.129899,0.180984,0.101679,0.175039,0.078098,C:/Users/User/OneDrive/桌面/Project_SystemA/ravdess_avfusion/data/processed/audio/embeddings_ecapa_custom/train/audio_1_32.npy,96
1_33,audio_1_33,audio_1_33,C:/Users/User/OneDrive/桌面/Project_SystemA/ravdess_avfusion/data/raw/custom/audio/audio_1_33.wav,1,train,08,7,surprise,01,01,01,4,angry,0.095487,0.146982,0.122081,0.12929,0.185711,0.110442,0.140932,0.069074,C:/Users/User/OneDrive/桌面/Project_SystemA/ravdess_avfusion/data/processed/audio/embeddings_ecapa_custom/train/audio_1_33.npy,96
1_34,audio_1_34,audio_1_34,C:/Users/User/OneDrive/桌面/Project_SystemA/ravdess_avfusion/data/raw/custom/audio/audio_1_34.wav,1,train,01,0,neutral,01,01,01,4,angry,0.098457,0.135494,0.118714,0.129609,0.185003,0.099166,0.159013,0.074545,C:/Users/User/OneDrive/桌面/Project_SystemA/ravdess_avfusion/data/processed/audio/embeddings_ecapa_custom/train/audio_1_34.npy,96
1_35,audio_1_35,audio_1_35,C:/Users/User/OneDrive/桌面/Project_SystemA/ravdess_avfusion/data/raw/custom/audio/audio_1_35.wav,1,train,02,1,calm,01,01,01,4,angry,0.098025,0.153362,0.11252,0.120147,0.19146,0.102275,0.149301,0.07291,C:/Users/User/OneDrive/桌面/Project_SystemA/ravdess_avfusion/data/processed/audio/embeddings_ecapa_custom/train/audio_1_35.npy,96
1_36,audio_1_36,audio_1_36,C:/Users/User/OneDrive/桌面/Project_SystemA/ravdess_avfusion/data/raw/custom/audio/audio_1_36.wav,1,train,03,2,happy,01,01,01,4,angry,0.094683,0.120058,0.099045,0.116779,0.200194,0.109832,0.171853,0.087556,C:/Users/User/OneDrive/桌面/Project_SystemA/ravdess_avfusion/data/processed/audio/embeddings_ecapa_custom/train/audio_1_36.npy,96
1_37,audio_1_37,audio_1_37,C:/Users/User/OneDrive/桌面/Project_SystemA/ravdess_avfusion/data/raw/custom/audio/audio_1_37.wav,1,train,03,2,happy,01,01,01,4,angry,0.104818,0.135071,0.115549,0.12121,0.177855,0.109188,0.163342,0.072966,C:/Users/User/OneDrive/桌面/Project_SystemA/ravdess_avfusion/data/processed/audio/embeddings_ecapa_custom/train/audio_1_37.npy,96
1_38,audio_1_38,audio_1_38,C:/Users/User/OneDrive/桌面/Project_SystemA/ravdess_avfusion/data/raw/custom/audio/audio_1_38.wav,1,train,04,3,sad,01,01,01,4,angry,0.090999,0.144871,0.114063,0.119818,0.191954,0.108086,0.151553,0.078656,C:/Users/User/OneDrive/桌面/Project_SystemA/ravdess_avfusion/data/processed/audio/embeddings_ecapa_custom/train/audio_1_38.npy,96
1_39,audio_1_39,audio_1_39,C:/Users/User/OneDrive/桌面/Project_SystemA/ravdess_avfusion/data/raw/custom/audio/audio_1_39.wav,1,train,07,6,disgust,01,01,01,4,angry,0.099165,0.140042,0.111862,0.112625,0.192057,0.096594,0.166021,0.081634,C:/Users/User/OneDrive/桌面/Project_SystemA/ravdess_avfusion/data/processed/audio/embeddings_ecapa_custom/train/audio_1_39.npy,96
1_40,audio_1_40,audio_1_40,C:/Users/User/OneDrive/桌面/Project_SystemA/ravdess_avfusion/data/raw/custom/audio/audio_1_40.wav,1,train,07,6,disgust,01,01,01,4,angry,0.098725,0.162439,0.1258,0.119181,0.18176,0.100875,0.139132,0.072088,C:/Users/User/OneDrive/桌面/Project_SystemA/ravdess_avfusion/data/processed/audio/embeddings_ecapa_custom/train/audio_1_40.npy,96
1_41,audio_1_41,audio_1_41,C:/Users/User/OneDrive/桌面/Project_SystemA/ravdess_avfusion/data/raw/custom/audio/audio_1_41.wav,1,train,01,0,neutral,01,01,01,4,angry,0.097868,0.163773,0.129157,0.111771,0.180106,0.109978,0.136198,0.071149,C:/Users/User/OneDrive/桌面/Project_SystemA/ravdess_avfusion/data/processed/audio/embeddings_ecapa_custom/train/audio_1_41.npy,96
1_42,audio_1_42,audio_1_42,C:/Users/User/OneDrive/桌面/Project_SystemA/ravdess_avfusion/data/raw/custom/audio/audio_1_42.wav,1,train,04,3,sad,01,01,01,4,angry,0.096427,0.153886,0.126399,0.108337,0.184657,0.105213,0.149973,0.075109,C:/Users/User/OneDrive/桌面/Project_SystemA/ravdess_avfusion/data/processed/audio/embeddings_ecapa_custom/train/audio_1_42.npy,96
1_43,audio_1_43,audio_1_43,C:/Users/User/OneDrive/桌面/Project_SystemA/ravdess_avfusion/data/raw/custom/audio/audio_1_43.wav,1,train,05,4,angry,01,01,01,4,angry,0.094906,0.161537,0.124179,0.10542,0.18785,0.106991,0.14181,0.077308,C:/Users/User/OneDrive/桌面/Project_SystemA/ravdess_avfusion/data/processed/audio/embeddings_ecapa_custom/train/audio_1_43.npy,96
1_44,audio_1_44,audio_1_44,C:/Users/User/OneDrive/桌面/Project_SystemA/ravdess_avfusion/data/raw/custom/audio/audio_1_44.wav,1,train,08,7,surprise,01,01,01,1,calm,0.09688,0.181947,0.126845,0.100734,0.181695,0.103512,0.130168,0.078219,C:/Users/User/OneDrive/桌面/Project_SystemA/ravdess_avfusion/data/processed/audio/embeddings_ecapa_custom/train/audio_1_44.npy,96
1_45,audio_1_45,audio_1_45,C:/Users/User/OneDrive/桌面/Project_SystemA/ravdess_avfusion/data/raw/custom/audio/audio_1_45.wav,1,train,02,1,calm,01,01,01,4,angry,0.095372,0.14449,0.113932,0.114299,0.193,0.100223,0.158355,0.08033,C:/Users/User/OneDrive/桌面/Project_SystemA/ravdess_avfusion/data/processed/audio/embeddings_ecapa_custom/train/audio_1_45.npy,96
1_46,audio_1_46,audio_1_46,C:/Users/User/OneDrive/桌面/Project_SystemA/ravdess_avfusion/data/raw/custom/audio/audio_1_46.wav,1,train,07,6,disgust,01,01,01,4,angry,0.099374,0.153282,0.114427,0.105464,0.199665,0.095013,0.149968,0.082807,C:/Users/User/OneDrive/桌面/Project_SystemA/ravdess_avfusion/data/processed/audio/embeddings_ecapa_custom/train/audio_1_46.npy,96
1_47,audio_1_47,audio_1_47,C:/Users/User/OneDrive/桌面/Project_SystemA/ravdess_avfusion/data/raw/custom/audio/audio_1_47.wav,1,train,03,2,happy,01,01,01,1,calm,0.10098,0.188596,0.117944,0.107748,0.175013,0.110541,0.123618,0.07556,C:/Users/User/OneDrive/桌面/Project_SystemA/ravdess_avfusion/data/processed/audio/embeddings_ecapa_custom/train/audio_1_47.npy,96
1_48,audio_1_48,audio_1_48,C:/Users/User/OneDrive/桌面/Project_SystemA/ravdess_avfusion/data/raw/custom/audio/audio_1_48.wav,1,train,01,0,neutral,01,01,01,1,calm,0.091287,0.176686,0.13054,0.109424,0.166877,0.122152,0.12874,0.074295,C:/Users/User/OneDrive/桌面/Project_SystemA/ravdess_avfusion/data/processed/audio/embeddings_ecapa_custom/train/audio_1_48.npy,96
1_49,audio_1_49,audio_1_49,C:/Users/User/OneDrive/桌面/Project_SystemA/ravdess_avfusion/data/raw/custom/audio/audio_1_49.wav,1,train,04,3,sad,01,01,01,4,angry,0.100236,0.166954,0.121566,0.104894,0.190828,0.109147,0.133297,0.073078,C:/Users/User/OneDrive/桌面/Project_SystemA/ravdess_avfusion/data/processed/audio/embeddings_ecapa_custom/train/audio_1_49.npy,96
1_50,audio_1_50,audio_1_50,C:/Users/User/OneDrive/桌面/Project_SystemA/ravdess_avfusion/data/raw/custom/audio/audio_1_50.wav,1,train,01,0,neutral,01,01,01,4,angry,0.097115,0.154023,0.11413,0.122949,0.182341,0.11422,0.141133,0.074088,C:/Users/User/OneDrive/桌面/Project_SystemA/ravdess_avfusion/data/processed/audio/embeddings_ecapa_custom/train/audio_1_50.npy,96
2_51,audio_2_01,audio_2_01,C:/Users/User/OneDrive/桌面/Project_SystemA/ravdess_avfusion/data/raw/custom/audio/audio_2_01.wav,2,train,05,4,angry,01,01,01,3,sad,0.098566,0.099939,0.117397,0.176077,0.127848,0.152112,0.153101,0.07496,C:/Users/User/OneDrive/桌面/Project_SystemA/ravdess_avfusion/data/processed/audio/embeddings_ecapa_custom/train/audio_2_01.npy,96
2_52,audio_2_02,audio_2_02,C:/Users/User/OneDrive/桌面/Project_SystemA/ravdess_avfusion/data/raw/custom/audio/audio_2_02.wav,2,train,08,7,surprise,01,01,01,3,sad,0.097894,0.0959,0.122901,0.178608,0.120917,0.138784,0.157619,0.087377,C:/Users/User/OneDrive/桌面/Project_SystemA/ravdess_avfusion/data/processed/audio/embeddings_ecapa_custom/train/audio_2_02.npy,96
2_53,audio_2_03,audio_2_03,C:/Users/User/OneDrive/桌面/Project_SystemA/ravdess_avfusion/data/raw/custom/audio/audio_2_03.wav,2,train,01,0,neutral,01,01,01,3,sad,0.102719,0.111456,0.119605,0.160499,0.15899,0.120689,0.150308,0.075734,C:/Users/User/OneDrive/桌面/Project_SystemA/ravdess_avfusion/data/processed/audio/embeddings_ecapa_custom/train/audio_2_03.npy,96
2_54,audio_2_04,audio_2_04,C:/Users/User/OneDrive/桌面/Project_SystemA/ravdess_avfusion/data/raw/custom/audio/audio_2_04.wav,2,train,05,4,angry,01,01,01,3,sad,0.09803,0.093307,0.109368,0.187411,0.120738,0.14583,0.155806,0.089509,C:/Users/User/OneDrive/桌面/Project_SystemA/ravdess_avfusion/data/processed/audio/embeddings_ecapa_custom/train/audio_2_04.npy,96
2_55,audio_2_05,audio_2_05,C:/Users/User/OneDrive/桌面/Project_SystemA/ravdess_avfusion/data/raw/custom/audio/audio_2_05.wav,2,train,03,2,happy,01,01,01,3,sad,0.104712,0.088366,0.110953,0.190262,0.132233,0.125765,0.15961,0.088099,C:/Users/User/OneDrive/桌面/Project_SystemA/ravdess_avfusion/data/processed/audio/embeddings_ecapa_custom/train/audio_2_05.npy,96
2_56,audio_2_06,audio_2_06,C:/Users/User/OneDrive/桌面/Project_SystemA/ravdess_avfusion/data/raw/custom/audio/audio_2_06.wav,2,train,03,2,happy,01,01,01,3,sad,0.099288,0.083355,0.103045,0.189037,0.141849,0.124019,0.162448,0.096958,C:/Users/User/OneDrive/桌面/Project_SystemA/ravdess_avfusion/data/processed/audio/embeddings_ecapa_custom/train/audio_2_06.npy,96
2_57,audio_2_07,audio_2_07,C:/Users/User/OneDrive/桌面/Project_SystemA/ravdess_avfusion/data/raw/custom/audio/audio_2_07.wav,2,train,03,2,happy,01,01,01,5,fearful,0.098182,0.093355,0.108516,0.163062,0.130944,0.174468,0.146439,0.085034,C:/Users/User/OneDrive/桌面/Project_SystemA/ravdess_avfusion/data/processed/audio/embeddings_ecapa_custom/train/audio_2_07.npy,96
2_58,audio_2_08,audio_2_08,C:/Users/User/OneDrive/桌面/Project_SystemA/ravdess_avfusion/data/raw/custom/audio/audio_2_08.wav,2,train,07,6,disgust,01,01,01,3,sad,0.092866,0.097603,0.115713,0.169985,0.147753,0.126458,0.161968,0.087655,C:/Users/User/OneDrive/桌面/Project_SystemA/ravdess_avfusion/data/processed/audio/embeddings_ecapa_custom/train/audio_2_08.npy,96
2_59,audio_2_09,audio_2_09,C:/Users/User/OneDrive/桌面/Project_SystemA/ravdess_avfusion/data/raw/custom/audio/audio_2_09.wav,2,train,05,4,angry,01,01,01,4,angry,0.10283,0.098555,0.100411,0.167961,0.182197,0.10887,0.151108,0.088067,C:/Users/User/OneDrive/桌面/Project_SystemA/ravdess_avfusion/data/processed/audio/embeddings_ecapa_custom/train/audio_2_09.npy,96
2_60,audio_2_10,audio_2_10,C:/Users/User/OneDrive/桌面/Project_SystemA/ravdess_avfusion/data/raw/custom/audio/audio_2_10.wav,2,train,04,3,sad,01,01,01,3,sad,0.113708,0.084285,0.08245,0.193497,0.129168,0.136872,0.14082,0.1192,C:/Users/User/OneDrive/桌面/Project_SystemA/ravdess_avfusion/data/processed/audio/embeddings_ecapa_custom/train/audio_2_10.npy,96
2_61,audio_2_11,audio_2_11,C:/Users/User/OneDrive/桌面/Project_SystemA/ravdess_avfusion/data/raw/custom/audio/audio_2_11.wav,2,train,01,0,neutral,01,01,01,6,disgust,0.108757,0.104416,0.120426,0.145001,0.15457,0.125403,0.158092,0.083335,C:/Users/User/OneDrive/桌面/Project_SystemA/ravdess_avfusion/data/processed/audio/embeddings_ecapa_custom/train/audio_2_11.npy,96
2_62,audio_2_12,audio_2_12,C:/Users/User/OneDrive/桌面/Project_SystemA/ravdess_avfusion/data/raw/custom/audio/audio_2_12.wav,2,train,04,3,sad,01,01,01,6,disgust,0.110513,0.10742,0.10805,0.148122,0.150387,0.118563,0.171262,0.085684,C:/Users/User/OneDrive/桌面/Project_SystemA/ravdess_avfusion/data/processed/audio/embeddings_ecapa_custom/train/audio_2_12.npy,96
2_63,audio_2_13,audio_2_13,C:/Users/User/OneDrive/桌面/Project_SystemA/ravdess_avfusion/data/raw/custom/audio/audio_2_13.wav,2,train,05,4,angry,01,01,01,4,angry,0.099653,0.100001,0.106792,0.170119,0.174867,0.121836,0.145811,0.080921,C:/Users/User/OneDrive/桌面/Project_SystemA/ravdess_avfusion/data/processed/audio/embeddings_ecapa_custom/train/audio_2_13.npy,96
2_64,audio_2_14,audio_2_14,C:/Users/User/OneDrive/桌面/Project_SystemA/ravdess_avfusion/data/raw/custom/audio/audio_2_14.wav,2,train,02,1,calm,01,01,01,4,angry,0.09508,0.116639,0.103035,0.155226,0.180002,0.131684,0.139395,0.078939,C:/Users/User/OneDrive/桌面/Project_SystemA/ravdess_avfusion/data/processed/audio/embeddings_ecapa_custom/train/audio_2_14.npy,96
2_65,audio_2_15,audio_2_15,C:/Users/User/OneDrive/桌面/Project_SystemA/ravdess_avfusion/data/raw/custom/audio/audio_2_15.wav,2,train,04,3,sad,01,01,01,4,angry,0.100656,0.105162,0.101651,0.1552,0.191192,0.123474,0.140151,0.082513,C:/Users/User/OneDrive/桌面/Project_SystemA/ravdess_avfusion/data/processed/audio/embeddings_ecapa_custom/train/audio_2_15.npy,96
2_66,audio_2_16,audio_2_16,C:/Users/User/OneDrive/桌面/Project_SystemA/ravdess_avfusion/data/raw/custom/audio/audio_2_16.wav,2,train,02,1,calm,01,01,01,4,angry,0.093487,0.11768,0.109536,0.151227,0.17558,0.13858,0.136796,0.077115,C:/Users/User/OneDrive/桌面/Project_SystemA/ravdess_avfusion/data/processed/audio/embeddings_ecapa_custom/train/audio_2_16.npy,96
2_67,audio_2_17,audio_2_17,C:/Users/User/OneDrive/桌面/Project_SystemA/ravdess_avfusion/data/raw/custom/audio/audio_2_17.wav,2,train,03,2,happy,01,01,01,4,angry,0.101687,0.121975,0.112967,0.160993,0.16313,0.143743,0.124255,0.071249,C:/Users/User/OneDrive/桌面/Project_SystemA/ravdess_avfusion/data/processed/audio/embeddings_ecapa_custom/train/audio_2_17.npy,96
2_68,audio_2_18,audio_2_18,C:/Users/User/OneDrive/桌面/Project_SystemA/ravdess_avfusion/data/raw/custom/audio/audio_2_18.wav,2,train,05,4,angry,01,01,01,4,angry,0.091113,0.111696,0.110115,0.152362,0.180319,0.133656,0.143249,0.07749,C:/Users/User/OneDrive/桌面/Project_SystemA/ravdess_avfusion/data/processed/audio/embeddings_ecapa_custom/train/audio_2_18.npy,96
2_69,audio_2_19,audio_2_19,C:/Users/User/OneDrive/桌面/Project_SystemA/ravdess_avfusion/data/raw/custom/audio/audio_2_19.wav,2,train,01,0,neutral,01,01,01,4,angry,0.089127,0.121281,0.119005,0.122703,0.188659,0.129145,0.149108,0.080972,C:/Users/User/OneDrive/桌面/Project_SystemA/ravdess_avfusion/data/processed/audio/embeddings_ecapa_custom/train/audio_2_19.npy,96
2_70,audio_2_20,audio_2_20,C:/Users/User/OneDrive/桌面/Project_SystemA/ravdess_avfusion/data/raw/custom/audio/audio_2_20.wav,2,train,01,0,neutral,01,01,01,4,angry,0.096325,0.115629,0.101049,0.159346,0.17671,0.137189,0.138409,0.075343,C:/Users/User/OneDrive/桌面/Project_SystemA/ravdess_avfusion/data/processed/audio/embeddings_ecapa_custom/train/audio_2_20.npy,96
2_71,audio_2_21,audio_2_21,C:/Users/User/OneDrive/桌面/Project_SystemA/ravdess_avfusion/data/raw/custom/audio/audio_2_21.wav,2,train,01,0,neutral,01,01,01,4,angry,0.09171,0.110508,0.102475,0.154762,0.190296,0.132602,0.139699,0.077947,C:/Users/User/OneDrive/桌面/Project_SystemA/ravdess_avfusion/data/processed/audio/embeddings_ecapa_custom/train/audio_2_21.npy,96
2_72,audio_2_22,audio_2_22,C:/Users/User/OneDrive/桌面/Project_SystemA/ravdess_avfusion/data/raw/custom/audio/audio_2_22.wav,2,train,01,0,neutral,01,01,01,4,angry,0.092275,0.123466,0.102079,0.137874,0.201922,0.122018,0.141213,0.079153,C:/Users/User/OneDrive/桌面/Project_SystemA/ravdess_avfusion/data/processed/audio/embeddings_ecapa_custom/train/audio_2_22.npy,96
2_73,audio_2_23,audio_2_23,C:/Users/User/OneDrive/桌面/Project_SystemA/ravdess_avfusion/data/raw/custom/audio/audio_2_23.wav,2,train,05,4,angry,01,01,01,6,disgust,0.098882,0.109966,0.111357,0.148889,0.147342,0.144537,0.157602,0.081424,C:/Users/User/OneDrive/桌面/Project_SystemA/ravdess_avfusion/data/processed/audio/embeddings_ecapa_custom/train/audio_2_23.npy,96
2_74,audio_2_24,audio_2_24,C:/Users/User/OneDrive/桌面/Project_SystemA/ravdess_avfusion/data/raw/custom/audio/audio_2_24.wav,2,train,01,0,neutral,01,01,01,4,angry,0.094933,0.130407,0.105919,0.14882,0.166569,0.161098,0.121321,0.070933,C:/Users/User/OneDrive/桌面/Project_SystemA/ravdess_avfusion/data/processed/audio/embeddings_ecapa_custom/train/audio_2_24.npy,96
2_75,audio_2_25,audio_2_25,C:/Users/User/OneDrive/桌面/Project_SystemA/ravdess_avfusion/data/raw/custom/audio/audio_2_25.wav,2,train,02,1,calm,01,01,01,4,angry,0.097203,0.10766,0.102023,0.154216,0.178526,0.139356,0.144752,0.076264,C:/Users/User/OneDrive/桌面/Project_SystemA/ravdess_avfusion/data/processed/audio/embeddings_ecapa_custom/train/audio_2_25.npy,96
2_76,audio_2_26,audio_2_26,C:/Users/User/OneDrive/桌面/Project_SystemA/ravdess_avfusion/data/raw/custom/audio/audio_2_26.wav,2,train,05,4,angry,01,01,01,4,angry,0.105976,0.112054,0.111674,0.155025,0.156949,0.148024,0.139889,0.070409,C:/Users/User/OneDrive/桌面/Project_SystemA/ravdess_avfusion/data/processed/audio/embeddings_ecapa_custom/train/audio_2_26.npy,96
2_77,audio_2_27,audio_2_27,C:/Users/User/OneDrive/桌面/Project_SystemA/ravdess_avfusion/data/raw/custom/audio/audio_2_27.wav,2,train,03,2,happy,01,01,01,4,angry,0.103818,0.138562,0.10236,0.138477,0.167163,0.160287,0.120283,0.069049,C:/Users/User/OneDrive/桌面/Project_SystemA/ravdess_avfusion/data/processed/audio/embeddings_ecapa_custom/train/audio_2_27.npy,96
2_78,audio_2_28,audio_2_28,C:/Users/User/OneDrive/桌面/Project_SystemA/ravdess_avfusion/data/raw/custom/audio/audio_2_28.wav,2,train,01,0,neutral,01,01,01,5,fearful,0.09746,0.123814,0.120256,0.151653,0.150075,0.167672,0.121734,0.067337,C:/Users/User/OneDrive/桌面/Project_SystemA/ravdess_avfusion/data/processed/audio/embeddings_ecapa_custom/train/audio_2_28.npy,96
2_79,audio_2_29,audio_2_29,C:/Users/User/OneDrive/桌面/Project_SystemA/ravdess_avfusion/data/raw/custom/audio/audio_2_29.wav,2,train,01,0,neutral,01,01,01,4,angry,0.103039,0.112815,0.107327,0.14947,0.190953,0.127985,0.131417,0.076995,C:/Users/User/OneDrive/桌面/Project_SystemA/ravdess_avfusion/data/processed/audio/embeddings_ecapa_custom/train/audio_2_29.npy,96
2_80,audio_2_30,audio_2_30,C:/Users/User/OneDrive/桌面/Project_SystemA/ravdess_avfusion/data/raw/custom/audio/audio_2_30.wav,2,train,01,0,neutral,01,01,01,4,angry,0.100245,0.120496,0.106602,0.155015,0.168545,0.138985,0.134505,0.075607,C:/Users/User/OneDrive/桌面/Project_SystemA/ravdess_avfusion/data/processed/audio/embeddings_ecapa_custom/train/audio_2_30.npy,96
2_81,audio_2_31,audio_2_31,C:/Users/User/OneDrive/桌面/Project_SystemA/ravdess_avfusion/data/raw/custom/audio/audio_2_31.wav,2,train,03,2,happy,01,01,01,5,fearful,0.093807,0.122678,0.119202,0.129814,0.14773,0.171389,0.136922,0.078457,C:/Users/User/OneDrive/桌面/Project_SystemA/ravdess_avfusion/data/processed/audio/embeddings_ecapa_custom/train/audio_2_31.npy,96
2_82,audio_2_32,audio_2_32,C:/Users/User/OneDrive/桌面/Project_SystemA/ravdess_avfusion/data/raw/custom/audio/audio_2_32.wav,2,train,01,0,neutral,01,01,01,5,fearful,0.102505,0.132153,0.113505,0.117219,0.165911,0.168557,0.122726,0.077424,C:/Users/User/OneDrive/桌面/Project_SystemA/ravdess_avfusion/data/processed/audio/embeddings_ecapa_custom/train/audio_2_32.npy,96
2_83,audio_2_33,audio_2_33,C:/Users/User/OneDrive/桌面/Project_SystemA/ravdess_avfusion/data/raw/custom/audio/audio_2_33.wav,2,train,03,2,happy,01,01,01,4,angry,0.102035,0.129168,0.101386,0.141689,0.176136,0.15235,0.124324,0.072912,C:/Users/User/OneDrive/桌面/Project_SystemA/ravdess_avfusion/data/processed/audio/embeddings_ecapa_custom/train/audio_2_33.npy,96
2_84,audio_2_34,audio_2_34,C:/Users/User/OneDrive/桌面/Project_SystemA/ravdess_avfusion/data/raw/custom/audio/audio_2_34.wav,2,train,05,4,angry,01,01,01,4,angry,0.101624,0.114886,0.10718,0.136411,0.163098,0.149162,0.1538,0.073839,C:/Users/User/OneDrive/桌面/Project_SystemA/ravdess_avfusion/data/processed/audio/embeddings_ecapa_custom/train/audio_2_34.npy,96
2_85,audio_2_35,audio_2_35,C:/Users/User/OneDrive/桌面/Project_SystemA/ravdess_avfusion/data/raw/custom/audio/audio_2_35.wav,2,train,03,2,happy,01,01,01,5,fearful,0.103955,0.126588,0.118079,0.131044,0.134173,0.197084,0.119467,0.069611,C:/Users/User/OneDrive/桌面/Project_SystemA/ravdess_avfusion/data/processed/audio/embeddings_ecapa_custom/train/audio_2_35.npy,96
2_86,audio_2_36,audio_2_36,C:/Users/User/OneDrive/桌面/Project_SystemA/ravdess_avfusion/data/raw/custom/audio/audio_2_36.wav,2,train,01,0,neutral,01,01,01,5,fearful,0.105537,0.115295,0.11835,0.131024,0.160138,0.166893,0.127358,0.075406,C:/Users/User/OneDrive/桌面/Project_SystemA/ravdess_avfusion/data/processed/audio/embeddings_ecapa_custom/train/audio_2_36.npy,96
2_87,audio_2_37,audio_2_37,C:/Users/User/OneDrive/桌面/Project_SystemA/ravdess_avfusion/data/raw/custom/audio/audio_2_37.wav,2,train,05,4,angry,01,01,01,5,fearful,0.100955,0.130465,0.119496,0.135383,0.140919,0.176507,0.127968,0.068308,C:/Users/User/OneDrive/桌面/Project_SystemA/ravdess_avfusion/data/processed/audio/embeddings_ecapa_custom/train/audio_2_37.npy,96
2_88,audio_2_38,audio_2_38,C:/Users/User/OneDrive/桌面/Project_SystemA/ravdess_avfusion/data/raw/custom/audio/audio_2_38.wav,2,train,01,0,neutral,01,01,01,4,angry,0.099506,0.112802,0.103396,0.136997,0.181625,0.153369,0.138495,0.073809,C:/Users/User/OneDrive/桌面/Project_SystemA/ravdess_avfusion/data/processed/audio/embeddings_ecapa_custom/train/audio_2_38.npy,96
2_89,audio_2_39,audio_2_39,C:/Users/User/OneDrive/桌面/Project_SystemA/ravdess_avfusion/data/raw/custom/audio/audio_2_39.wav,2,train,05,4,angry,01,01,01,3,sad,0.100665,0.104117,0.127248,0.159237,0.141308,0.156888,0.133744,0.076794,C:/Users/User/OneDrive/桌面/Project_SystemA/ravdess_avfusion/data/processed/audio/embeddings_ecapa_custom/train/audio_2_39.npy,96
2_90,audio_2_40,audio_2_40,C:/Users/User/OneDrive/桌面/Project_SystemA/ravdess_avfusion/data/raw/custom/audio/audio_2_40.wav,2,train,01,0,neutral,01,01,01,5,fearful,0.098518,0.106465,0.115211,0.132106,0.15275,0.160762,0.155727,0.078461,C:/Users/User/OneDrive/桌面/Project_SystemA/ravdess_avfusion/data/processed/audio/embeddings_ecapa_custom/train/audio_2_40.npy,96
2_91,audio_2_41,audio_2_41,C:/Users/User/OneDrive/桌面/Project_SystemA/ravdess_avfusion/data/raw/custom/audio/audio_2_41.wav,2,train,03,2,happy,01,01,01,4,angry,0.103048,0.1097,0.123988,0.137724,0.170199,0.143711,0.139772,0.071858,C:/Users/User/OneDrive/桌面/Project_SystemA/ravdess_avfusion/data/processed/audio/embeddings_ecapa_custom/train/audio_2_41.npy,96
2_92,audio_2_42,audio_2_42,C:/Users/User/OneDrive/桌面/Project_SystemA/ravdess_avfusion/data/raw/custom/audio/audio_2_42.wav,2,train,05,4,angry,01,01,01,4,angry,0.100169,0.104092,0.111895,0.160014,0.178457,0.126007,0.137166,0.082199,C:/Users/User/OneDrive/桌面/Project_SystemA/ravdess_avfusion/data/processed/audio/embeddings_ecapa_custom/train/audio_2_42.npy,96
2_93,audio_2_43,audio_2_43,C:/Users/User/OneDrive/桌面/Project_SystemA/ravdess_avfusion/data/raw/custom/audio/audio_2_43.wav,2,train,05,4,angry,01,01,01,4,angry,0.100462,0.112834,0.10937,0.166921,0.172453,0.138572,0.127961,0.071427,C:/Users/User/OneDrive/桌面/Project_SystemA/ravdess_avfusion/data/processed/audio/embeddings_ecapa_custom/train/audio_2_43.npy,96
2_94,audio_2_44,audio_2_44,C:/Users/User/OneDrive/桌面/Project_SystemA/ravdess_avfusion/data/raw/custom/audio/audio_2_44.wav,2,train,03,2,happy,01,01,01,5,fearful,0.097554,0.132375,0.113697,0.137611,0.15021,0.165436,0.131838,0.071279,C:/Users/User/OneDrive/桌面/Project_SystemA/ravdess_avfusion/data/processed/audio/embeddings_ecapa_custom/train/audio_2_44.npy,96
2_95,audio_2_45,audio_2_45,C:/Users/User/OneDrive/桌面/Project_SystemA/ravdess_avfusion/data/raw/custom/audio/audio_2_45.wav,2,train,01,0,neutral,01,01,01,3,sad,0.095174,0.116202,0.113673,0.15851,0.156513,0.13844,0.149006,0.072483,C:/Users/User/OneDrive/桌面/Project_SystemA/ravdess_avfusion/data/processed/audio/embeddings_ecapa_custom/train/audio_2_45.npy,96
2_96,audio_2_46,audio_2_46,C:/Users/User/OneDrive/桌面/Project_SystemA/ravdess_avfusion/data/raw/custom/audio/audio_2_46.wav,2,train,03,2,happy,01,01,01,4,angry,0.098962,0.124469,0.117348,0.14203,0.154362,0.151252,0.136111,0.075467,C:/Users/User/OneDrive/桌面/Project_SystemA/ravdess_avfusion/data/processed/audio/embeddings_ecapa_custom/train/audio_2_46.npy,96
2_97,audio_2_47,audio_2_47,C:/Users/User/OneDrive/桌面/Project_SystemA/ravdess_avfusion/data/raw/custom/audio/audio_2_47.wav,2,train,01,0,neutral,01,01,01,4,angry,0.097515,0.110325,0.111992,0.164006,0.180606,0.127898,0.134706,0.072951,C:/Users/User/OneDrive/桌面/Project_SystemA/ravdess_avfusion/data/processed/audio/embeddings_ecapa_custom/train/audio_2_47.npy,96
2_98,audio_2_48,audio_2_48,C:/Users/User/OneDrive/桌面/Project_SystemA/ravdess_avfusion/data/raw/custom/audio/audio_2_48.wav,2,train,03,2,happy,01,01,01,4,angry,0.096683,0.110542,0.119618,0.155837,0.161425,0.134288,0.146935,0.074671,C:/Users/User/OneDrive/桌面/Project_SystemA/ravdess_avfusion/data/processed/audio/embeddings_ecapa_custom/train/audio_2_48.npy,96
2_99,audio_2_49,audio_2_49,C:/Users/User/OneDrive/桌面/Project_SystemA/ravdess_avfusion/data/raw/custom/audio/audio_2_49.wav,2,train,01,0,neutral,01,01,01,4,angry,0.095046,0.113706,0.109202,0.148186,0.166751,0.137682,0.153091,0.076336,C:/Users/User/OneDrive/桌面/Project_SystemA/ravdess_avfusion/data/processed/audio/embeddings_ecapa_custom/train/audio_2_49.npy,96
2_100,audio_2_50,audio_2_50,C:/Users/User/OneDrive/桌面/Project_SystemA/ravdess_avfusion/data/raw/custom/audio/audio_2_50.wav,2,train,03,2,happy,01,01,01,6,disgust,0.098645,0.109766,0.122891,0.149351,0.141541,0.140014,0.161143,0.076649,C:/Users/User/OneDrive/桌面/Project_SystemA/ravdess_avfusion/data/processed/audio/embeddings_ecapa_custom/train/audio_2_50.npy,96
